name;competence;willingness;confidence;
;;;;matte;0;-0.26;0.30000000000000004
pino;0;0;0.5
pino;-0.12;0.0;0.4
basta;0.05;0;0.5
cazzo;0.05;0;0.5
matt;0.05;0;0.5
cazzo;0.15;-0.1;0.5
cazo;0.05;0;0.5
tano;-1.0;-1.0;0.0
tanone;-0.009999999999999995;-0.24;0.4
teo;0.010000000000000009;-0.12;0.4
teo;-0.019999999999999976;-0.39999999999999997;0.30000000000000004
checco;-0.009999999999999995;-0.24;0.4
teo;-0.26976;-1.0;0.0
