name;competence;willingness;confidence;
;;;;
matteo;-0.24000000000000002;0;0.30000000000000004
