name;competence;willingness;confidence
teo;-0.019999999999999976;-0.39999999999999997;0.30000000000000004
