name;competence;willingness;confidence
teocoli;0.15000000000000002;0.3449999999999999;2.7755575615628914e-17
