name;competence;willingness;confidence
teo;0.019000000000000024;-0.47000000000000003;0.20000000000000004
