name;competence;willingness;confidence
gino;0.20900000000000002;-0.47;0.30000000000000004
